slug,nombre,tipo,activo,descripcion,tags,direccion,municipio,latitud,longitud,dias,horario,fechas_variables,fechas,fecha_inicio,fecha_fin,fotos,videos,fuente_datos,creditos_fotos
"comala-centro-historico","Centro histórico de Comala","Turismo","true","Calles de fachadas blancas, portales y jardines en el corazón del Pueblo Mágico de Comala.","[""Cultura"",""Pueblo Mágico"",""Centro histórico""]","Centro, Comala, Colima","Comala","19.3231443","-103.7582664","Todos los días","Espacio público; servicios y comercios con horarios propios","false","[]","","","[""https://thumb.wikimedia.org/wikipedia/commons/thumb/9/95/MaderoStreetComala1.jpg/1280px-MaderoStreetComala1.jpg""]","[]","OpenStreetMap; Visita Colima","[""https://commons.wikimedia.org/wiki/File:MaderoStreetComala1.jpg""]"
"parroquia-san-miguel-comala","Parroquia de San Miguel Arcángel del Espíritu Santo","Turismo","true","Templo emblemático situado frente al jardín principal de Comala.","[""Cultura"",""Arquitectura"",""Religioso""]","Calle Degollado, Centro, Comala, Colima","Comala","19.3229762","-103.7580569","Consultar antes de visitar","El acceso puede variar durante celebraciones religiosas","false","[]","","","[""https://thumb.wikimedia.org/wikipedia/commons/thumb/e/e3/MainChurchComala01.jpg/1280px-MainChurchComala01.jpg""]","[]","OpenStreetMap; Visita Colima","[""https://commons.wikimedia.org/wiki/File:MainChurchComala01.jpg""]"
"museo-alejandro-rangel-nogueras","Museo Universitario Alejandro Rangel Hidalgo y Hacienda de Nogueras","Turismo","true","Antigua hacienda vinculada con la obra del artista colimense Alejandro Rangel Hidalgo.","[""Museos"",""Arte"",""Historia"",""Arquitectura""]","Calle Hacienda Nogueras, Nogueras, Comala, Colima","Comala","19.3234908","-103.7396034","Consultar antes de visitar","Horario sujeto a la Universidad de Colima","false","[]","","","[""https://thumb.wikimedia.org/wikipedia/commons/thumb/3/36/MuseoUniversitarioRangel01.jpg/1280px-MuseoUniversitarioRangel01.jpg""]","[]","OpenStreetMap; Universidad de Colima","[""https://commons.wikimedia.org/wiki/File:MuseoUniversitarioRangel01.jpg""]"
"laguna-la-maria","Laguna La María","Turismo","true","Laguna rodeada de vegetación en las faldas del volcán, conocida por sus paisajes y actividades al aire libre.","[""Naturaleza"",""Laguna"",""Ecoturismo""]","La Becerrera, Comala, Colima","Comala","19.4614450","-103.7095051","Consultar antes de visitar","Confirmar acceso y condiciones del camino","false","[]","","","[""https://upload.wikimedia.org/wikipedia/commons/d/dd/Vista_laguna_-_panoramio.jpg""]","[]","OpenStreetMap; Visita Colima","[""https://commons.wikimedia.org/wiki/File:Vista_laguna_-_panoramio.jpg""]"
"suchitlan","Suchitlán","Turismo","true","Comunidad de origen indígena reconocida por sus tradiciones, gastronomía, artesanías y entorno natural.","[""Cultura"",""Comunidad"",""Gastronomía"",""Artesanías""]","Suchitlán, Comala, Colima","Comala","19.3745585","-103.7087398","Todos los días","Comercios y espacios culturales con horarios propios","false","[]","","","[""https://thumb.wikimedia.org/wikipedia/commons/thumb/a/a3/Suchitl%C3%A1n.JPG/1280px-Suchitl%C3%A1n.JPG""]","[]","OpenStreetMap; Visita Colima","[""https://commons.wikimedia.org/wiki/File:Suchitl%C3%A1n.JPG""]"
"volcanes-desde-suchitlan","Vista de los volcanes desde Suchitlán","Turismo","true","Punto de referencia en Suchitlán para observar a distancia los volcanes de Colima; no representa acceso al cráter.","[""Naturaleza"",""Paisaje"",""Volcán""]","Suchitlán, Comala, Colima","Comala","19.3745585","-103.7087398","Sujeto a condiciones meteorológicas","Consultar avisos de Protección Civil; no acercarse a zonas restringidas","false","[]","","","[""https://upload.wikimedia.org/wikipedia/commons/4/4b/Volcanes_de_Colima_desde_Cofrad%C3%ADa_de_Suchitl%C3%A1n.jpg""]","[]","OpenStreetMap; Protección Civil Colima","[""https://commons.wikimedia.org/wiki/File:Volcanes_de_Colima_desde_Cofrad%C3%ADa_de_Suchitl%C3%A1n.jpg""]"
"jardin-libertad","Jardín Libertad","Turismo","true","Plaza principal del centro histórico de Colima, rodeada por portales y edificios representativos.","[""Cultura"",""Centro histórico"",""Familia""]","Centro, Colima, Colima","Colima","19.2433584","-103.7285218","Todos los días","Espacio público","false","[]","","","[""https://thumb.wikimedia.org/wikipedia/commons/thumb/9/91/JardinLibertadColima1.jpg/1280px-JardinLibertadColima1.jpg""]","[]","OpenStreetMap; Visita Colima","[""https://commons.wikimedia.org/wiki/File:JardinLibertadColima1.jpg""]"
"catedral-basilica-menor-colima","Catedral Basílica Menor de Colima","Turismo","true","Catedral situada junto al Jardín Libertad y uno de los principales referentes arquitectónicos del centro de Colima.","[""Cultura"",""Arquitectura"",""Religioso""]","Reforma 21, Centro, Colima, Colima","Colima","19.2431980","-103.7287800","Consultar antes de visitar","El acceso puede variar durante servicios religiosos","false","[]","","","[""https://thumb.wikimedia.org/wikipedia/commons/thumb/c/ce/ColimaCathedral01.jpg/1280px-ColimaCathedral01.jpg""]","[]","OpenStreetMap; Visita Colima","[""https://commons.wikimedia.org/wiki/File:ColimaCathedral01.jpg""]"
"palacio-gobierno-colima","Palacio de Gobierno de Colima","Turismo","true","Edificio histórico frente al Jardín Libertad que forma parte del conjunto monumental del centro de Colima.","[""Cultura"",""Historia"",""Arquitectura""]","Reforma 37, Centro, Colima, Colima","Colima","19.2430450","-103.7291180","Consultar antes de visitar","Confirmar acceso a exposiciones o recorridos","false","[]","","","[""https://thumb.wikimedia.org/wikipedia/commons/thumb/1/17/Palacio_de_Gobierno_Colima_2_noche_fiestas_patrias_2012.jpg/1280px-Palacio_de_Gobierno_Colima_2_noche_fiestas_patrias_2012.jpg""]","[]","Sistema de Información Cultural; Gobierno de Colima","[""https://commons.wikimedia.org/wiki/File:Palacio_de_Gobierno_Colima_2_noche_fiestas_patrias_2012.jpg""]"
"zona-arqueologica-la-campana","Zona arqueológica La Campana","Turismo","true","Antiguo asentamiento urbano del occidente mesoamericano con plazas, estructuras y petroglifos.","[""Arqueología"",""Historia"",""Cultura""]","Acceso a la Zona Arqueológica, Villa de Álvarez, Colima","Villa de Álvarez","19.2682340","-103.7252650","Consultar calendario oficial","Consultar horarios y tarifas vigentes del INAH","false","[]","","","[""https://thumb.wikimedia.org/wikipedia/commons/thumb/5/58/Zona_Arqueol%C3%B3gica_de_%22La_Campana%22%2C_Colima%2C_Colima.JPG/1280px-Zona_Arqueol%C3%B3gica_de_%22La_Campana%22%2C_Colima%2C_Colima.JPG""]","[]","INAH; OpenStreetMap","[""https://commons.wikimedia.org/wiki/File:Zona_Arqueol%C3%B3gica_de_%22La_Campana%22,_Colima,_Colima.JPG""]"
"zona-arqueologica-el-chanal","Zona arqueológica El Chanal","Turismo","true","Sitio arqueológico del periodo Posclásico con templos, altares, plazas y una cancha para el juego de pelota.","[""Arqueología"",""Historia"",""Cultura""]","Calle Teotihuacán, El Chanal, Colima","Colima","19.2931141","-103.7060212","Consultar calendario oficial","Consultar horarios y tarifas vigentes del INAH","false","[]","","","[""https://thumb.wikimedia.org/wikipedia/commons/thumb/5/57/Zona_Arqueol%C3%B3gica_de_El_Chanal_en_Colima%2C_M%C3%A9xico_%2815-01-2003%29.jpg/1280px-Zona_Arqueol%C3%B3gica_de_El_Chanal_en_Colima%2C_M%C3%A9xico_%2815-01-2003%29.jpg""]","[]","INAH; OpenStreetMap","[""https://commons.wikimedia.org/wiki/File:Zona_Arqueol%C3%B3gica_de_El_Chanal_en_Colima,_M%C3%A9xico_(15-01-2003).jpg""]"
"parque-piedra-lisa","Parque de la Piedra Lisa","Turismo","true","Parque tradicional de la ciudad conocido por su gran piedra volcánica pulida, utilizada como resbaladilla.","[""Familia"",""Parque"",""Tradición""]","Parque de la Piedra Lisa, Colima, Colima","Colima","19.2392892","-103.7142399","Todos los días","Espacio público; confirmar condiciones del parque","false","[]","","","[""https://thumb.wikimedia.org/wikipedia/commons/thumb/8/8b/PiedraLisa01.jpg/1280px-PiedraLisa01.jpg""]","[]","OpenStreetMap; Visita Colima","[""https://commons.wikimedia.org/wiki/File:PiedraLisa01.jpg""]"
"playa-la-audiencia","Playa La Audiencia","Turismo","true","Pequeña bahía de Manzanillo conocida por sus aguas generalmente tranquilas y actividades recreativas.","[""Playa"",""Mar"",""Familia""]","Península de Santiago, Manzanillo, Colima","Manzanillo","19.1047001","-104.3501400","Todos los días","Acceso sujeto a condiciones marítimas y locales","false","[]","","","[""https://thumb.wikimedia.org/wikipedia/commons/thumb/7/73/Playa_La_Audiencia.JPG/1280px-Playa_La_Audiencia.JPG""]","[]","OpenStreetMap; Visita Colima","[""https://commons.wikimedia.org/wiki/File:Playa_La_Audiencia.JPG""]"
"playa-miramar","Playa Miramar","Turismo","true","Extensa playa de la bahía de Santiago, popular para caminar y disfrutar del paisaje del Pacífico.","[""Playa"",""Mar"",""Atardecer""]","Boulevard Costero Miguel de la Madrid, Manzanillo, Colima","Manzanillo","19.1185177","-104.3861076","Todos los días","Acceso sujeto a condiciones marítimas y locales","false","[]","","","[""https://thumb.wikimedia.org/wikipedia/commons/thumb/4/4d/Manzanillo%2C_Mexico_-_panoramio.jpg/1280px-Manzanillo%2C_Mexico_-_panoramio.jpg""]","[]","OpenStreetMap; Visita Colima","[""https://commons.wikimedia.org/wiki/File:Manzanillo,_Mexico_-_panoramio.jpg""]"
"playa-cuyutlan","Playa de Cuyutlán","Turismo","true","Playa de arena oscura y oleaje fuerte junto a la localidad de Cuyutlán.","[""Playa"",""Mar"",""Naturaleza""]","Cuyutlán, Armería, Colima","Armería","18.9188890","-104.0697220","Todos los días","Precaución por oleaje; consultar condiciones marítimas","false","[]","","","[""https://thumb.wikimedia.org/wikipedia/commons/thumb/2/20/Playa_de_Cuyutlan.JPG/1280px-Playa_de_Cuyutlan.JPG""]","[]","OpenStreetMap; Visita Colima","[""https://commons.wikimedia.org/wiki/File:Playa_de_Cuyutlan.JPG""]"
"laguna-cuyutlan","Laguna de Cuyutlán","Turismo","true","Sistema lagunar costero de gran importancia ecológica, con manglares y hábitat para aves residentes y migratorias.","[""Naturaleza"",""Laguna"",""Manglar"",""Aves""]","Laguna de Cuyutlán, Colima","Armería","18.9522572","-104.0561209","Consultar recorridos disponibles","El marcador señala una referencia central; confirmar acceso autorizado","false","[]","","","[""https://thumb.wikimedia.org/wikipedia/commons/thumb/f/f0/Cuyutlan%2C_colima_._-_panoramio.jpg/1280px-Cuyutlan%2C_colima_._-_panoramio.jpg""]","[]","OpenStreetMap; información turística de Colima","[""https://commons.wikimedia.org/wiki/File:Cuyutlan,_colima_._-_panoramio.jpg""]"
"cascada-el-salto-minatitlan","Cascada El Salto","Turismo","true","Cascada y paraje natural del municipio de Minatitlán, frecuentado por visitantes de la región.","[""Naturaleza"",""Cascada"",""Aventura""]","Carretera Manzanillo–Minatitlán, Minatitlán, Colima","Minatitlán","19.3678102","-104.0874484","Consultar antes de visitar","Confirmar acceso, clima y condiciones del camino","false","[]","","","[""https://upload.wikimedia.org/wikipedia/commons/d/d6/Cascada_de_El_Salto.jpg""]","[]","OpenStreetMap; Visita Colima","[""https://commons.wikimedia.org/wiki/File:Cascada_de_El_Salto.jpg""]"
"monumento-pez-vela","Monumento al Pez Vela","Turismo","true","Escultura monumental de Sebastián situada en el centro histórico y convertida en uno de los símbolos de Manzanillo.","[""Cultura"",""Escultura"",""Centro histórico""]","Centro Histórico, Manzanillo, Colima","Manzanillo","19.0542080","-104.3168094","Todos los días","Espacio público","false","[]","","","[""https://upload.wikimedia.org/wikipedia/commons/7/74/Montaje_de_Manzanillo.jpg""]","[]","OpenStreetMap; información turística de Manzanillo","[""https://commons.wikimedia.org/wiki/File:Montaje_de_Manzanillo.jpg""]"
